date,year,month,day,month_name,month_year,month_year_num
1/1/2011,2011,1,1,Jan,Jan 2011,201101
1/2/2011,2011,1,2,Jan,Jan 2011,201101
1/3/2011,2011,1,3,Jan,Jan 2011,201101
1/4/2011,2011,1,4,Jan,Jan 2011,201101
1/5/2011,2011,1,5,Jan,Jan 2011,201101
1/6/2011,2011,1,6,Jan,Jan 2011,201101
1/7/2011,2011,1,7,Jan,Jan 2011,201101
1/8/2011,2011,1,8,Jan,Jan 2011,201101
1/9/2011,2011,1,9,Jan,Jan 2011,201101
1/10/2011,2011,1,10,Jan,Jan 2011,201101
1/11/2011,2011,1,11,Jan,Jan 2011,201101
1/12/2011,2011,1,12,Jan,Jan 2011,201101
1/13/2011,2011,1,13,Jan,Jan 2011,201101
1/14/2011,2011,1,14,Jan,Jan 2011,201101
1/15/2011,2011,1,15,Jan,Jan 2011,201101
1/16/2011,2011,1,16,Jan,Jan 2011,201101
1/17/2011,2011,1,17,Jan,Jan 2011,201101
1/18/2011,2011,1,18,Jan,Jan 2011,201101
1/19/2011,2011,1,19,Jan,Jan 2011,201101
1/20/2011,2011,1,20,Jan,Jan 2011,201101
1/21/2011,2011,1,21,Jan,Jan 2011,201101
1/22/2011,2011,1,22,Jan,Jan 2011,201101
1/23/2011,2011,1,23,Jan,Jan 2011,201101
1/24/2011,2011,1,24,Jan,Jan 2011,201101
1/25/2011,2011,1,25,Jan,Jan 2011,201101
1/26/2011,2011,1,26,Jan,Jan 2011,201101
1/27/2011,2011,1,27,Jan,Jan 2011,201101
1/28/2011,2011,1,28,Jan,Jan 2011,201101
1/29/2011,2011,1,29,Jan,Jan 2011,201101
1/30/2011,2011,1,30,Jan,Jan 2011,201101
1/31/2011,2011,1,31,Jan,Jan 2011,201101
2/1/2011,2011,2,1,Feb,Feb 2011,201102
2/2/2011,2011,2,2,Feb,Feb 2011,201102
2/3/2011,2011,2,3,Feb,Feb 2011,201102
2/4/2011,2011,2,4,Feb,Feb 2011,201102
2/5/2011,2011,2,5,Feb,Feb 2011,201102
2/6/2011,2011,2,6,Feb,Feb 2011,201102
2/7/2011,2011,2,7,Feb,Feb 2011,201102
2/8/2011,2011,2,8,Feb,Feb 2011,201102
2/9/2011,2011,2,9,Feb,Feb 2011,201102
2/10/2011,2011,2,10,Feb,Feb 2011,201102
2/11/2011,2011,2,11,Feb,Feb 2011,201102
2/12/2011,2011,2,12,Feb,Feb 2011,201102
2/13/2011,2011,2,13,Feb,Feb 2011,201102
2/14/2011,2011,2,14,Feb,Feb 2011,201102
2/15/2011,2011,2,15,Feb,Feb 2011,201102
2/16/2011,2011,2,16,Feb,Feb 2011,201102
2/17/2011,2011,2,17,Feb,Feb 2011,201102
2/18/2011,2011,2,18,Feb,Feb 2011,201102
2/19/2011,2011,2,19,Feb,Feb 2011,201102
2/20/2011,2011,2,20,Feb,Feb 2011,201102
2/21/2011,2011,2,21,Feb,Feb 2011,201102
2/22/2011,2011,2,22,Feb,Feb 2011,201102
2/23/2011,2011,2,23,Feb,Feb 2011,201102
2/24/2011,2011,2,24,Feb,Feb 2011,201102
2/25/2011,2011,2,25,Feb,Feb 2011,201102
2/26/2011,2011,2,26,Feb,Feb 2011,201102
2/27/2011,2011,2,27,Feb,Feb 2011,201102
2/28/2011,2011,2,28,Feb,Feb 2011,201102
3/1/2011,2011,3,1,Mar,Mar 2011,201103
3/2/2011,2011,3,2,Mar,Mar 2011,201103
3/3/2011,2011,3,3,Mar,Mar 2011,201103
3/4/2011,2011,3,4,Mar,Mar 2011,201103
3/5/2011,2011,3,5,Mar,Mar 2011,201103
3/6/2011,2011,3,6,Mar,Mar 2011,201103
3/7/2011,2011,3,7,Mar,Mar 2011,201103
3/8/2011,2011,3,8,Mar,Mar 2011,201103
3/9/2011,2011,3,9,Mar,Mar 2011,201103
3/10/2011,2011,3,10,Mar,Mar 2011,201103
3/11/2011,2011,3,11,Mar,Mar 2011,201103
3/12/2011,2011,3,12,Mar,Mar 2011,201103
3/13/2011,2011,3,13,Mar,Mar 2011,201103
3/14/2011,2011,3,14,Mar,Mar 2011,201103
3/15/2011,2011,3,15,Mar,Mar 2011,201103
3/16/2011,2011,3,16,Mar,Mar 2011,201103
3/17/2011,2011,3,17,Mar,Mar 2011,201103
3/18/2011,2011,3,18,Mar,Mar 2011,201103
3/19/2011,2011,3,19,Mar,Mar 2011,201103
3/20/2011,2011,3,20,Mar,Mar 2011,201103
3/21/2011,2011,3,21,Mar,Mar 2011,201103
3/22/2011,2011,3,22,Mar,Mar 2011,201103
3/23/2011,2011,3,23,Mar,Mar 2011,201103
3/24/2011,2011,3,24,Mar,Mar 2011,201103
3/25/2011,2011,3,25,Mar,Mar 2011,201103
3/26/2011,2011,3,26,Mar,Mar 2011,201103
3/27/2011,2011,3,27,Mar,Mar 2011,201103
3/28/2011,2011,3,28,Mar,Mar 2011,201103
3/29/2011,2011,3,29,Mar,Mar 2011,201103
3/30/2011,2011,3,30,Mar,Mar 2011,201103
3/31/2011,2011,3,31,Mar,Mar 2011,201103
4/1/2011,2011,4,1,Apr,Apr 2011,201104
4/2/2011,2011,4,2,Apr,Apr 2011,201104
4/3/2011,2011,4,3,Apr,Apr 2011,201104
4/4/2011,2011,4,4,Apr,Apr 2011,201104
4/5/2011,2011,4,5,Apr,Apr 2011,201104
4/6/2011,2011,4,6,Apr,Apr 2011,201104
4/7/2011,2011,4,7,Apr,Apr 2011,201104
4/8/2011,2011,4,8,Apr,Apr 2011,201104
4/9/2011,2011,4,9,Apr,Apr 2011,201104
4/10/2011,2011,4,10,Apr,Apr 2011,201104
4/11/2011,2011,4,11,Apr,Apr 2011,201104
4/12/2011,2011,4,12,Apr,Apr 2011,201104
4/13/2011,2011,4,13,Apr,Apr 2011,201104
4/14/2011,2011,4,14,Apr,Apr 2011,201104
4/15/2011,2011,4,15,Apr,Apr 2011,201104
4/16/2011,2011,4,16,Apr,Apr 2011,201104
4/17/2011,2011,4,17,Apr,Apr 2011,201104
4/18/2011,2011,4,18,Apr,Apr 2011,201104
4/19/2011,2011,4,19,Apr,Apr 2011,201104
4/20/2011,2011,4,20,Apr,Apr 2011,201104
4/21/2011,2011,4,21,Apr,Apr 2011,201104
4/22/2011,2011,4,22,Apr,Apr 2011,201104
4/23/2011,2011,4,23,Apr,Apr 2011,201104
4/24/2011,2011,4,24,Apr,Apr 2011,201104
4/25/2011,2011,4,25,Apr,Apr 2011,201104
4/26/2011,2011,4,26,Apr,Apr 2011,201104
4/27/2011,2011,4,27,Apr,Apr 2011,201104
4/28/2011,2011,4,28,Apr,Apr 2011,201104
4/29/2011,2011,4,29,Apr,Apr 2011,201104
4/30/2011,2011,4,30,Apr,Apr 2011,201104
5/1/2011,2011,5,1,May,May 2011,201105
5/2/2011,2011,5,2,May,May 2011,201105
5/3/2011,2011,5,3,May,May 2011,201105
5/4/2011,2011,5,4,May,May 2011,201105
5/5/2011,2011,5,5,May,May 2011,201105
5/6/2011,2011,5,6,May,May 2011,201105
5/7/2011,2011,5,7,May,May 2011,201105
5/8/2011,2011,5,8,May,May 2011,201105
5/9/2011,2011,5,9,May,May 2011,201105
5/10/2011,2011,5,10,May,May 2011,201105
5/11/2011,2011,5,11,May,May 2011,201105
5/12/2011,2011,5,12,May,May 2011,201105
5/13/2011,2011,5,13,May,May 2011,201105
5/14/2011,2011,5,14,May,May 2011,201105
5/15/2011,2011,5,15,May,May 2011,201105
5/16/2011,2011,5,16,May,May 2011,201105
5/17/2011,2011,5,17,May,May 2011,201105
5/18/2011,2011,5,18,May,May 2011,201105
5/19/2011,2011,5,19,May,May 2011,201105
5/20/2011,2011,5,20,May,May 2011,201105
5/21/2011,2011,5,21,May,May 2011,201105
5/22/2011,2011,5,22,May,May 2011,201105
5/23/2011,2011,5,23,May,May 2011,201105
5/24/2011,2011,5,24,May,May 2011,201105
5/25/2011,2011,5,25,May,May 2011,201105
5/26/2011,2011,5,26,May,May 2011,201105
5/27/2011,2011,5,27,May,May 2011,201105
5/28/2011,2011,5,28,May,May 2011,201105
5/29/2011,2011,5,29,May,May 2011,201105
5/30/2011,2011,5,30,May,May 2011,201105
5/31/2011,2011,5,31,May,May 2011,201105
6/1/2011,2011,6,1,Jun,Jun 2011,201106
6/2/2011,2011,6,2,Jun,Jun 2011,201106
6/3/2011,2011,6,3,Jun,Jun 2011,201106
6/4/2011,2011,6,4,Jun,Jun 2011,201106
6/5/2011,2011,6,5,Jun,Jun 2011,201106
6/6/2011,2011,6,6,Jun,Jun 2011,201106
6/7/2011,2011,6,7,Jun,Jun 2011,201106
6/8/2011,2011,6,8,Jun,Jun 2011,201106
6/9/2011,2011,6,9,Jun,Jun 2011,201106
6/10/2011,2011,6,10,Jun,Jun 2011,201106
6/11/2011,2011,6,11,Jun,Jun 2011,201106
6/12/2011,2011,6,12,Jun,Jun 2011,201106
6/13/2011,2011,6,13,Jun,Jun 2011,201106
6/14/2011,2011,6,14,Jun,Jun 2011,201106
6/15/2011,2011,6,15,Jun,Jun 2011,201106
6/16/2011,2011,6,16,Jun,Jun 2011,201106
6/17/2011,2011,6,17,Jun,Jun 2011,201106
6/18/2011,2011,6,18,Jun,Jun 2011,201106
6/19/2011,2011,6,19,Jun,Jun 2011,201106
6/20/2011,2011,6,20,Jun,Jun 2011,201106
6/21/2011,2011,6,21,Jun,Jun 2011,201106
6/22/2011,2011,6,22,Jun,Jun 2011,201106
6/23/2011,2011,6,23,Jun,Jun 2011,201106
6/24/2011,2011,6,24,Jun,Jun 2011,201106
6/25/2011,2011,6,25,Jun,Jun 2011,201106
6/26/2011,2011,6,26,Jun,Jun 2011,201106
6/27/2011,2011,6,27,Jun,Jun 2011,201106
6/28/2011,2011,6,28,Jun,Jun 2011,201106
6/29/2011,2011,6,29,Jun,Jun 2011,201106
6/30/2011,2011,6,30,Jun,Jun 2011,201106
7/1/2011,2011,7,1,Jul,Jul 2011,201107
7/2/2011,2011,7,2,Jul,Jul 2011,201107
7/3/2011,2011,7,3,Jul,Jul 2011,201107
7/4/2011,2011,7,4,Jul,Jul 2011,201107
7/5/2011,2011,7,5,Jul,Jul 2011,201107
7/6/2011,2011,7,6,Jul,Jul 2011,201107
7/7/2011,2011,7,7,Jul,Jul 2011,201107
7/8/2011,2011,7,8,Jul,Jul 2011,201107
7/9/2011,2011,7,9,Jul,Jul 2011,201107
7/10/2011,2011,7,10,Jul,Jul 2011,201107
7/11/2011,2011,7,11,Jul,Jul 2011,201107
7/12/2011,2011,7,12,Jul,Jul 2011,201107
7/13/2011,2011,7,13,Jul,Jul 2011,201107
7/14/2011,2011,7,14,Jul,Jul 2011,201107
7/15/2011,2011,7,15,Jul,Jul 2011,201107
7/16/2011,2011,7,16,Jul,Jul 2011,201107
7/17/2011,2011,7,17,Jul,Jul 2011,201107
7/18/2011,2011,7,18,Jul,Jul 2011,201107
7/19/2011,2011,7,19,Jul,Jul 2011,201107
7/20/2011,2011,7,20,Jul,Jul 2011,201107
7/21/2011,2011,7,21,Jul,Jul 2011,201107
7/22/2011,2011,7,22,Jul,Jul 2011,201107
7/23/2011,2011,7,23,Jul,Jul 2011,201107
7/24/2011,2011,7,24,Jul,Jul 2011,201107
7/25/2011,2011,7,25,Jul,Jul 2011,201107
7/26/2011,2011,7,26,Jul,Jul 2011,201107
7/27/2011,2011,7,27,Jul,Jul 2011,201107
7/28/2011,2011,7,28,Jul,Jul 2011,201107
7/29/2011,2011,7,29,Jul,Jul 2011,201107
7/30/2011,2011,7,30,Jul,Jul 2011,201107
7/31/2011,2011,7,31,Jul,Jul 2011,201107
8/1/2011,2011,8,1,Aug,Aug 2011,201108
8/2/2011,2011,8,2,Aug,Aug 2011,201108
8/3/2011,2011,8,3,Aug,Aug 2011,201108
8/4/2011,2011,8,4,Aug,Aug 2011,201108
8/5/2011,2011,8,5,Aug,Aug 2011,201108
8/6/2011,2011,8,6,Aug,Aug 2011,201108
8/7/2011,2011,8,7,Aug,Aug 2011,201108
8/8/2011,2011,8,8,Aug,Aug 2011,201108
8/9/2011,2011,8,9,Aug,Aug 2011,201108
8/10/2011,2011,8,10,Aug,Aug 2011,201108
8/11/2011,2011,8,11,Aug,Aug 2011,201108
8/12/2011,2011,8,12,Aug,Aug 2011,201108
8/13/2011,2011,8,13,Aug,Aug 2011,201108
8/14/2011,2011,8,14,Aug,Aug 2011,201108
8/15/2011,2011,8,15,Aug,Aug 2011,201108
8/16/2011,2011,8,16,Aug,Aug 2011,201108
8/17/2011,2011,8,17,Aug,Aug 2011,201108
8/18/2011,2011,8,18,Aug,Aug 2011,201108
8/19/2011,2011,8,19,Aug,Aug 2011,201108
8/20/2011,2011,8,20,Aug,Aug 2011,201108
8/21/2011,2011,8,21,Aug,Aug 2011,201108
8/22/2011,2011,8,22,Aug,Aug 2011,201108
8/23/2011,2011,8,23,Aug,Aug 2011,201108
8/24/2011,2011,8,24,Aug,Aug 2011,201108
8/25/2011,2011,8,25,Aug,Aug 2011,201108
8/26/2011,2011,8,26,Aug,Aug 2011,201108
8/27/2011,2011,8,27,Aug,Aug 2011,201108
8/28/2011,2011,8,28,Aug,Aug 2011,201108
8/29/2011,2011,8,29,Aug,Aug 2011,201108
8/30/2011,2011,8,30,Aug,Aug 2011,201108
8/31/2011,2011,8,31,Aug,Aug 2011,201108
9/1/2011,2011,9,1,Sep,Sep 2011,201109
9/2/2011,2011,9,2,Sep,Sep 2011,201109
9/3/2011,2011,9,3,Sep,Sep 2011,201109
9/4/2011,2011,9,4,Sep,Sep 2011,201109
9/5/2011,2011,9,5,Sep,Sep 2011,201109
9/6/2011,2011,9,6,Sep,Sep 2011,201109
9/7/2011,2011,9,7,Sep,Sep 2011,201109
9/8/2011,2011,9,8,Sep,Sep 2011,201109
9/9/2011,2011,9,9,Sep,Sep 2011,201109
9/10/2011,2011,9,10,Sep,Sep 2011,201109
9/11/2011,2011,9,11,Sep,Sep 2011,201109
9/12/2011,2011,9,12,Sep,Sep 2011,201109
9/13/2011,2011,9,13,Sep,Sep 2011,201109
9/14/2011,2011,9,14,Sep,Sep 2011,201109
9/15/2011,2011,9,15,Sep,Sep 2011,201109
9/16/2011,2011,9,16,Sep,Sep 2011,201109
9/17/2011,2011,9,17,Sep,Sep 2011,201109
9/18/2011,2011,9,18,Sep,Sep 2011,201109
9/19/2011,2011,9,19,Sep,Sep 2011,201109
9/20/2011,2011,9,20,Sep,Sep 2011,201109
9/21/2011,2011,9,21,Sep,Sep 2011,201109
9/22/2011,2011,9,22,Sep,Sep 2011,201109
9/23/2011,2011,9,23,Sep,Sep 2011,201109
9/24/2011,2011,9,24,Sep,Sep 2011,201109
9/25/2011,2011,9,25,Sep,Sep 2011,201109
9/26/2011,2011,9,26,Sep,Sep 2011,201109
9/27/2011,2011,9,27,Sep,Sep 2011,201109
9/28/2011,2011,9,28,Sep,Sep 2011,201109
9/29/2011,2011,9,29,Sep,Sep 2011,201109
9/30/2011,2011,9,30,Sep,Sep 2011,201109
10/1/2011,2011,10,1,Oct,Oct 2011,201110
10/2/2011,2011,10,2,Oct,Oct 2011,201110
10/3/2011,2011,10,3,Oct,Oct 2011,201110
10/4/2011,2011,10,4,Oct,Oct 2011,201110
10/5/2011,2011,10,5,Oct,Oct 2011,201110
10/6/2011,2011,10,6,Oct,Oct 2011,201110
10/7/2011,2011,10,7,Oct,Oct 2011,201110
10/8/2011,2011,10,8,Oct,Oct 2011,201110
10/9/2011,2011,10,9,Oct,Oct 2011,201110
10/10/2011,2011,10,10,Oct,Oct 2011,201110
10/11/2011,2011,10,11,Oct,Oct 2011,201110
10/12/2011,2011,10,12,Oct,Oct 2011,201110
10/13/2011,2011,10,13,Oct,Oct 2011,201110
10/14/2011,2011,10,14,Oct,Oct 2011,201110
10/15/2011,2011,10,15,Oct,Oct 2011,201110
10/16/2011,2011,10,16,Oct,Oct 2011,201110
10/17/2011,2011,10,17,Oct,Oct 2011,201110
10/18/2011,2011,10,18,Oct,Oct 2011,201110
10/19/2011,2011,10,19,Oct,Oct 2011,201110
10/20/2011,2011,10,20,Oct,Oct 2011,201110
10/21/2011,2011,10,21,Oct,Oct 2011,201110
10/22/2011,2011,10,22,Oct,Oct 2011,201110
10/23/2011,2011,10,23,Oct,Oct 2011,201110
10/24/2011,2011,10,24,Oct,Oct 2011,201110
10/25/2011,2011,10,25,Oct,Oct 2011,201110
10/26/2011,2011,10,26,Oct,Oct 2011,201110
10/27/2011,2011,10,27,Oct,Oct 2011,201110
10/28/2011,2011,10,28,Oct,Oct 2011,201110
10/29/2011,2011,10,29,Oct,Oct 2011,201110
10/30/2011,2011,10,30,Oct,Oct 2011,201110
10/31/2011,2011,10,31,Oct,Oct 2011,201110
11/1/2011,2011,11,1,Nov,Nov 2011,201111
11/2/2011,2011,11,2,Nov,Nov 2011,201111
11/3/2011,2011,11,3,Nov,Nov 2011,201111
11/4/2011,2011,11,4,Nov,Nov 2011,201111
11/5/2011,2011,11,5,Nov,Nov 2011,201111
11/6/2011,2011,11,6,Nov,Nov 2011,201111
11/7/2011,2011,11,7,Nov,Nov 2011,201111
11/8/2011,2011,11,8,Nov,Nov 2011,201111
11/9/2011,2011,11,9,Nov,Nov 2011,201111
11/10/2011,2011,11,10,Nov,Nov 2011,201111
11/11/2011,2011,11,11,Nov,Nov 2011,201111
11/12/2011,2011,11,12,Nov,Nov 2011,201111
11/13/2011,2011,11,13,Nov,Nov 2011,201111
11/14/2011,2011,11,14,Nov,Nov 2011,201111
11/15/2011,2011,11,15,Nov,Nov 2011,201111
11/16/2011,2011,11,16,Nov,Nov 2011,201111
11/17/2011,2011,11,17,Nov,Nov 2011,201111
11/18/2011,2011,11,18,Nov,Nov 2011,201111
11/19/2011,2011,11,19,Nov,Nov 2011,201111
11/20/2011,2011,11,20,Nov,Nov 2011,201111
11/21/2011,2011,11,21,Nov,Nov 2011,201111
11/22/2011,2011,11,22,Nov,Nov 2011,201111
11/23/2011,2011,11,23,Nov,Nov 2011,201111
11/24/2011,2011,11,24,Nov,Nov 2011,201111
11/25/2011,2011,11,25,Nov,Nov 2011,201111
11/26/2011,2011,11,26,Nov,Nov 2011,201111
11/27/2011,2011,11,27,Nov,Nov 2011,201111
11/28/2011,2011,11,28,Nov,Nov 2011,201111
11/29/2011,2011,11,29,Nov,Nov 2011,201111
11/30/2011,2011,11,30,Nov,Nov 2011,201111
12/1/2011,2011,12,1,Dec,Dec 2011,201112
12/2/2011,2011,12,2,Dec,Dec 2011,201112
12/3/2011,2011,12,3,Dec,Dec 2011,201112
12/4/2011,2011,12,4,Dec,Dec 2011,201112
12/5/2011,2011,12,5,Dec,Dec 2011,201112
12/6/2011,2011,12,6,Dec,Dec 2011,201112
12/7/2011,2011,12,7,Dec,Dec 2011,201112
12/8/2011,2011,12,8,Dec,Dec 2011,201112
12/9/2011,2011,12,9,Dec,Dec 2011,201112
12/10/2011,2011,12,10,Dec,Dec 2011,201112
12/11/2011,2011,12,11,Dec,Dec 2011,201112
12/12/2011,2011,12,12,Dec,Dec 2011,201112
12/13/2011,2011,12,13,Dec,Dec 2011,201112
12/14/2011,2011,12,14,Dec,Dec 2011,201112
12/15/2011,2011,12,15,Dec,Dec 2011,201112
12/16/2011,2011,12,16,Dec,Dec 2011,201112
12/17/2011,2011,12,17,Dec,Dec 2011,201112
12/18/2011,2011,12,18,Dec,Dec 2011,201112
12/19/2011,2011,12,19,Dec,Dec 2011,201112
12/20/2011,2011,12,20,Dec,Dec 2011,201112
12/21/2011,2011,12,21,Dec,Dec 2011,201112
12/22/2011,2011,12,22,Dec,Dec 2011,201112
12/23/2011,2011,12,23,Dec,Dec 2011,201112
12/24/2011,2011,12,24,Dec,Dec 2011,201112
12/25/2011,2011,12,25,Dec,Dec 2011,201112
12/26/2011,2011,12,26,Dec,Dec 2011,201112
12/27/2011,2011,12,27,Dec,Dec 2011,201112
12/28/2011,2011,12,28,Dec,Dec 2011,201112
12/29/2011,2011,12,29,Dec,Dec 2011,201112
12/30/2011,2011,12,30,Dec,Dec 2011,201112
12/31/2011,2011,12,31,Dec,Dec 2011,201112
1/1/2012,2012,1,1,Jan,Jan 2012,201201
1/2/2012,2012,1,2,Jan,Jan 2012,201201
1/3/2012,2012,1,3,Jan,Jan 2012,201201
1/4/2012,2012,1,4,Jan,Jan 2012,201201
1/5/2012,2012,1,5,Jan,Jan 2012,201201
1/6/2012,2012,1,6,Jan,Jan 2012,201201
1/7/2012,2012,1,7,Jan,Jan 2012,201201
1/8/2012,2012,1,8,Jan,Jan 2012,201201
1/9/2012,2012,1,9,Jan,Jan 2012,201201
1/10/2012,2012,1,10,Jan,Jan 2012,201201
1/11/2012,2012,1,11,Jan,Jan 2012,201201
1/12/2012,2012,1,12,Jan,Jan 2012,201201
1/13/2012,2012,1,13,Jan,Jan 2012,201201
1/14/2012,2012,1,14,Jan,Jan 2012,201201
1/15/2012,2012,1,15,Jan,Jan 2012,201201
1/16/2012,2012,1,16,Jan,Jan 2012,201201
1/17/2012,2012,1,17,Jan,Jan 2012,201201
1/18/2012,2012,1,18,Jan,Jan 2012,201201
1/19/2012,2012,1,19,Jan,Jan 2012,201201
1/20/2012,2012,1,20,Jan,Jan 2012,201201
1/21/2012,2012,1,21,Jan,Jan 2012,201201
1/22/2012,2012,1,22,Jan,Jan 2012,201201
1/23/2012,2012,1,23,Jan,Jan 2012,201201
1/24/2012,2012,1,24,Jan,Jan 2012,201201
1/25/2012,2012,1,25,Jan,Jan 2012,201201
1/26/2012,2012,1,26,Jan,Jan 2012,201201
1/27/2012,2012,1,27,Jan,Jan 2012,201201
1/28/2012,2012,1,28,Jan,Jan 2012,201201
1/29/2012,2012,1,29,Jan,Jan 2012,201201
1/30/2012,2012,1,30,Jan,Jan 2012,201201
1/31/2012,2012,1,31,Jan,Jan 2012,201201
2/1/2012,2012,2,1,Feb,Feb 2012,201202
2/2/2012,2012,2,2,Feb,Feb 2012,201202
2/3/2012,2012,2,3,Feb,Feb 2012,201202
2/4/2012,2012,2,4,Feb,Feb 2012,201202
2/5/2012,2012,2,5,Feb,Feb 2012,201202
2/6/2012,2012,2,6,Feb,Feb 2012,201202
2/7/2012,2012,2,7,Feb,Feb 2012,201202
2/8/2012,2012,2,8,Feb,Feb 2012,201202
2/9/2012,2012,2,9,Feb,Feb 2012,201202
2/10/2012,2012,2,10,Feb,Feb 2012,201202
2/11/2012,2012,2,11,Feb,Feb 2012,201202
2/12/2012,2012,2,12,Feb,Feb 2012,201202
2/13/2012,2012,2,13,Feb,Feb 2012,201202
2/14/2012,2012,2,14,Feb,Feb 2012,201202
2/15/2012,2012,2,15,Feb,Feb 2012,201202
2/16/2012,2012,2,16,Feb,Feb 2012,201202
2/17/2012,2012,2,17,Feb,Feb 2012,201202
2/18/2012,2012,2,18,Feb,Feb 2012,201202
2/19/2012,2012,2,19,Feb,Feb 2012,201202
2/20/2012,2012,2,20,Feb,Feb 2012,201202
2/21/2012,2012,2,21,Feb,Feb 2012,201202
2/22/2012,2012,2,22,Feb,Feb 2012,201202
2/23/2012,2012,2,23,Feb,Feb 2012,201202
2/24/2012,2012,2,24,Feb,Feb 2012,201202
2/25/2012,2012,2,25,Feb,Feb 2012,201202
2/26/2012,2012,2,26,Feb,Feb 2012,201202
2/27/2012,2012,2,27,Feb,Feb 2012,201202
2/28/2012,2012,2,28,Feb,Feb 2012,201202
2/29/2012,2012,2,29,Feb,Feb 2012,201202
3/1/2012,2012,3,1,Mar,Mar 2012,201203
3/2/2012,2012,3,2,Mar,Mar 2012,201203
3/3/2012,2012,3,3,Mar,Mar 2012,201203
3/4/2012,2012,3,4,Mar,Mar 2012,201203
3/5/2012,2012,3,5,Mar,Mar 2012,201203
3/6/2012,2012,3,6,Mar,Mar 2012,201203
3/7/2012,2012,3,7,Mar,Mar 2012,201203
3/8/2012,2012,3,8,Mar,Mar 2012,201203
3/9/2012,2012,3,9,Mar,Mar 2012,201203
3/10/2012,2012,3,10,Mar,Mar 2012,201203
3/11/2012,2012,3,11,Mar,Mar 2012,201203
3/12/2012,2012,3,12,Mar,Mar 2012,201203
3/13/2012,2012,3,13,Mar,Mar 2012,201203
3/14/2012,2012,3,14,Mar,Mar 2012,201203
3/15/2012,2012,3,15,Mar,Mar 2012,201203
3/16/2012,2012,3,16,Mar,Mar 2012,201203
3/17/2012,2012,3,17,Mar,Mar 2012,201203
3/18/2012,2012,3,18,Mar,Mar 2012,201203
3/19/2012,2012,3,19,Mar,Mar 2012,201203
3/20/2012,2012,3,20,Mar,Mar 2012,201203
3/21/2012,2012,3,21,Mar,Mar 2012,201203
3/22/2012,2012,3,22,Mar,Mar 2012,201203
3/23/2012,2012,3,23,Mar,Mar 2012,201203
3/24/2012,2012,3,24,Mar,Mar 2012,201203
3/25/2012,2012,3,25,Mar,Mar 2012,201203
3/26/2012,2012,3,26,Mar,Mar 2012,201203
3/27/2012,2012,3,27,Mar,Mar 2012,201203
3/28/2012,2012,3,28,Mar,Mar 2012,201203
3/29/2012,2012,3,29,Mar,Mar 2012,201203
3/30/2012,2012,3,30,Mar,Mar 2012,201203
3/31/2012,2012,3,31,Mar,Mar 2012,201203
4/1/2012,2012,4,1,Apr,Apr 2012,201204
4/2/2012,2012,4,2,Apr,Apr 2012,201204
4/3/2012,2012,4,3,Apr,Apr 2012,201204
4/4/2012,2012,4,4,Apr,Apr 2012,201204
4/5/2012,2012,4,5,Apr,Apr 2012,201204
4/6/2012,2012,4,6,Apr,Apr 2012,201204
4/7/2012,2012,4,7,Apr,Apr 2012,201204
4/8/2012,2012,4,8,Apr,Apr 2012,201204
4/9/2012,2012,4,9,Apr,Apr 2012,201204
4/10/2012,2012,4,10,Apr,Apr 2012,201204
4/11/2012,2012,4,11,Apr,Apr 2012,201204
4/12/2012,2012,4,12,Apr,Apr 2012,201204
4/13/2012,2012,4,13,Apr,Apr 2012,201204
4/14/2012,2012,4,14,Apr,Apr 2012,201204
4/15/2012,2012,4,15,Apr,Apr 2012,201204
4/16/2012,2012,4,16,Apr,Apr 2012,201204
4/17/2012,2012,4,17,Apr,Apr 2012,201204
4/18/2012,2012,4,18,Apr,Apr 2012,201204
4/19/2012,2012,4,19,Apr,Apr 2012,201204
4/20/2012,2012,4,20,Apr,Apr 2012,201204
4/21/2012,2012,4,21,Apr,Apr 2012,201204
4/22/2012,2012,4,22,Apr,Apr 2012,201204
4/23/2012,2012,4,23,Apr,Apr 2012,201204
4/24/2012,2012,4,24,Apr,Apr 2012,201204
4/25/2012,2012,4,25,Apr,Apr 2012,201204
4/26/2012,2012,4,26,Apr,Apr 2012,201204
4/27/2012,2012,4,27,Apr,Apr 2012,201204
4/28/2012,2012,4,28,Apr,Apr 2012,201204
4/29/2012,2012,4,29,Apr,Apr 2012,201204
4/30/2012,2012,4,30,Apr,Apr 2012,201204
5/1/2012,2012,5,1,May,May 2012,201205
5/2/2012,2012,5,2,May,May 2012,201205
5/3/2012,2012,5,3,May,May 2012,201205
5/4/2012,2012,5,4,May,May 2012,201205
5/5/2012,2012,5,5,May,May 2012,201205
5/6/2012,2012,5,6,May,May 2012,201205
5/7/2012,2012,5,7,May,May 2012,201205
5/8/2012,2012,5,8,May,May 2012,201205
5/9/2012,2012,5,9,May,May 2012,201205
5/10/2012,2012,5,10,May,May 2012,201205
5/11/2012,2012,5,11,May,May 2012,201205
5/12/2012,2012,5,12,May,May 2012,201205
5/13/2012,2012,5,13,May,May 2012,201205
5/14/2012,2012,5,14,May,May 2012,201205
5/15/2012,2012,5,15,May,May 2012,201205
5/16/2012,2012,5,16,May,May 2012,201205
5/17/2012,2012,5,17,May,May 2012,201205
5/18/2012,2012,5,18,May,May 2012,201205
5/19/2012,2012,5,19,May,May 2012,201205
5/20/2012,2012,5,20,May,May 2012,201205
5/21/2012,2012,5,21,May,May 2012,201205
5/22/2012,2012,5,22,May,May 2012,201205
5/23/2012,2012,5,23,May,May 2012,201205
5/24/2012,2012,5,24,May,May 2012,201205
5/25/2012,2012,5,25,May,May 2012,201205
5/26/2012,2012,5,26,May,May 2012,201205
5/27/2012,2012,5,27,May,May 2012,201205
5/28/2012,2012,5,28,May,May 2012,201205
5/29/2012,2012,5,29,May,May 2012,201205
5/30/2012,2012,5,30,May,May 2012,201205
5/31/2012,2012,5,31,May,May 2012,201205
6/1/2012,2012,6,1,Jun,Jun 2012,201206
6/2/2012,2012,6,2,Jun,Jun 2012,201206
6/3/2012,2012,6,3,Jun,Jun 2012,201206
6/4/2012,2012,6,4,Jun,Jun 2012,201206
6/5/2012,2012,6,5,Jun,Jun 2012,201206
6/6/2012,2012,6,6,Jun,Jun 2012,201206
6/7/2012,2012,6,7,Jun,Jun 2012,201206
6/8/2012,2012,6,8,Jun,Jun 2012,201206
6/9/2012,2012,6,9,Jun,Jun 2012,201206
6/10/2012,2012,6,10,Jun,Jun 2012,201206
6/11/2012,2012,6,11,Jun,Jun 2012,201206
6/12/2012,2012,6,12,Jun,Jun 2012,201206
6/13/2012,2012,6,13,Jun,Jun 2012,201206
6/14/2012,2012,6,14,Jun,Jun 2012,201206
6/15/2012,2012,6,15,Jun,Jun 2012,201206
6/16/2012,2012,6,16,Jun,Jun 2012,201206
6/17/2012,2012,6,17,Jun,Jun 2012,201206
6/18/2012,2012,6,18,Jun,Jun 2012,201206
6/19/2012,2012,6,19,Jun,Jun 2012,201206
6/20/2012,2012,6,20,Jun,Jun 2012,201206
6/21/2012,2012,6,21,Jun,Jun 2012,201206
6/22/2012,2012,6,22,Jun,Jun 2012,201206
6/23/2012,2012,6,23,Jun,Jun 2012,201206
6/24/2012,2012,6,24,Jun,Jun 2012,201206
6/25/2012,2012,6,25,Jun,Jun 2012,201206
6/26/2012,2012,6,26,Jun,Jun 2012,201206
6/27/2012,2012,6,27,Jun,Jun 2012,201206
6/28/2012,2012,6,28,Jun,Jun 2012,201206
6/29/2012,2012,6,29,Jun,Jun 2012,201206
6/30/2012,2012,6,30,Jun,Jun 2012,201206
7/1/2012,2012,7,1,Jul,Jul 2012,201207
7/2/2012,2012,7,2,Jul,Jul 2012,201207
7/3/2012,2012,7,3,Jul,Jul 2012,201207
7/4/2012,2012,7,4,Jul,Jul 2012,201207
7/5/2012,2012,7,5,Jul,Jul 2012,201207
7/6/2012,2012,7,6,Jul,Jul 2012,201207
7/7/2012,2012,7,7,Jul,Jul 2012,201207
7/8/2012,2012,7,8,Jul,Jul 2012,201207
7/9/2012,2012,7,9,Jul,Jul 2012,201207
7/10/2012,2012,7,10,Jul,Jul 2012,201207
7/11/2012,2012,7,11,Jul,Jul 2012,201207
7/12/2012,2012,7,12,Jul,Jul 2012,201207
7/13/2012,2012,7,13,Jul,Jul 2012,201207
7/14/2012,2012,7,14,Jul,Jul 2012,201207
7/15/2012,2012,7,15,Jul,Jul 2012,201207
7/16/2012,2012,7,16,Jul,Jul 2012,201207
7/17/2012,2012,7,17,Jul,Jul 2012,201207
7/18/2012,2012,7,18,Jul,Jul 2012,201207
7/19/2012,2012,7,19,Jul,Jul 2012,201207
7/20/2012,2012,7,20,Jul,Jul 2012,201207
7/21/2012,2012,7,21,Jul,Jul 2012,201207
7/22/2012,2012,7,22,Jul,Jul 2012,201207
7/23/2012,2012,7,23,Jul,Jul 2012,201207
7/24/2012,2012,7,24,Jul,Jul 2012,201207
7/25/2012,2012,7,25,Jul,Jul 2012,201207
7/26/2012,2012,7,26,Jul,Jul 2012,201207
7/27/2012,2012,7,27,Jul,Jul 2012,201207
7/28/2012,2012,7,28,Jul,Jul 2012,201207
7/29/2012,2012,7,29,Jul,Jul 2012,201207
7/30/2012,2012,7,30,Jul,Jul 2012,201207
7/31/2012,2012,7,31,Jul,Jul 2012,201207
8/1/2012,2012,8,1,Aug,Aug 2012,201208
8/2/2012,2012,8,2,Aug,Aug 2012,201208
8/3/2012,2012,8,3,Aug,Aug 2012,201208
8/4/2012,2012,8,4,Aug,Aug 2012,201208
8/5/2012,2012,8,5,Aug,Aug 2012,201208
8/6/2012,2012,8,6,Aug,Aug 2012,201208
8/7/2012,2012,8,7,Aug,Aug 2012,201208
8/8/2012,2012,8,8,Aug,Aug 2012,201208
8/9/2012,2012,8,9,Aug,Aug 2012,201208
8/10/2012,2012,8,10,Aug,Aug 2012,201208
8/11/2012,2012,8,11,Aug,Aug 2012,201208
8/12/2012,2012,8,12,Aug,Aug 2012,201208
8/13/2012,2012,8,13,Aug,Aug 2012,201208
8/14/2012,2012,8,14,Aug,Aug 2012,201208
8/15/2012,2012,8,15,Aug,Aug 2012,201208
8/16/2012,2012,8,16,Aug,Aug 2012,201208
8/17/2012,2012,8,17,Aug,Aug 2012,201208
8/18/2012,2012,8,18,Aug,Aug 2012,201208
8/19/2012,2012,8,19,Aug,Aug 2012,201208
8/20/2012,2012,8,20,Aug,Aug 2012,201208
8/21/2012,2012,8,21,Aug,Aug 2012,201208
8/22/2012,2012,8,22,Aug,Aug 2012,201208
8/23/2012,2012,8,23,Aug,Aug 2012,201208
8/24/2012,2012,8,24,Aug,Aug 2012,201208
8/25/2012,2012,8,25,Aug,Aug 2012,201208
8/26/2012,2012,8,26,Aug,Aug 2012,201208
8/27/2012,2012,8,27,Aug,Aug 2012,201208
8/28/2012,2012,8,28,Aug,Aug 2012,201208
8/29/2012,2012,8,29,Aug,Aug 2012,201208
8/30/2012,2012,8,30,Aug,Aug 2012,201208
8/31/2012,2012,8,31,Aug,Aug 2012,201208
9/1/2012,2012,9,1,Sep,Sep 2012,201209
9/2/2012,2012,9,2,Sep,Sep 2012,201209
9/3/2012,2012,9,3,Sep,Sep 2012,201209
9/4/2012,2012,9,4,Sep,Sep 2012,201209
9/5/2012,2012,9,5,Sep,Sep 2012,201209
9/6/2012,2012,9,6,Sep,Sep 2012,201209
9/7/2012,2012,9,7,Sep,Sep 2012,201209
9/8/2012,2012,9,8,Sep,Sep 2012,201209
9/9/2012,2012,9,9,Sep,Sep 2012,201209
9/10/2012,2012,9,10,Sep,Sep 2012,201209
9/11/2012,2012,9,11,Sep,Sep 2012,201209
9/12/2012,2012,9,12,Sep,Sep 2012,201209
9/13/2012,2012,9,13,Sep,Sep 2012,201209
9/14/2012,2012,9,14,Sep,Sep 2012,201209
9/15/2012,2012,9,15,Sep,Sep 2012,201209
9/16/2012,2012,9,16,Sep,Sep 2012,201209
9/17/2012,2012,9,17,Sep,Sep 2012,201209
9/18/2012,2012,9,18,Sep,Sep 2012,201209
9/19/2012,2012,9,19,Sep,Sep 2012,201209
9/20/2012,2012,9,20,Sep,Sep 2012,201209
9/21/2012,2012,9,21,Sep,Sep 2012,201209
9/22/2012,2012,9,22,Sep,Sep 2012,201209
9/23/2012,2012,9,23,Sep,Sep 2012,201209
9/24/2012,2012,9,24,Sep,Sep 2012,201209
9/25/2012,2012,9,25,Sep,Sep 2012,201209
9/26/2012,2012,9,26,Sep,Sep 2012,201209
9/27/2012,2012,9,27,Sep,Sep 2012,201209
9/28/2012,2012,9,28,Sep,Sep 2012,201209
9/29/2012,2012,9,29,Sep,Sep 2012,201209
9/30/2012,2012,9,30,Sep,Sep 2012,201209
10/1/2012,2012,10,1,Oct,Oct 2012,201210
10/2/2012,2012,10,2,Oct,Oct 2012,201210
10/3/2012,2012,10,3,Oct,Oct 2012,201210
10/4/2012,2012,10,4,Oct,Oct 2012,201210
10/5/2012,2012,10,5,Oct,Oct 2012,201210
10/6/2012,2012,10,6,Oct,Oct 2012,201210
10/7/2012,2012,10,7,Oct,Oct 2012,201210
10/8/2012,2012,10,8,Oct,Oct 2012,201210
10/9/2012,2012,10,9,Oct,Oct 2012,201210
10/10/2012,2012,10,10,Oct,Oct 2012,201210
10/11/2012,2012,10,11,Oct,Oct 2012,201210
10/12/2012,2012,10,12,Oct,Oct 2012,201210
10/13/2012,2012,10,13,Oct,Oct 2012,201210
10/14/2012,2012,10,14,Oct,Oct 2012,201210
10/15/2012,2012,10,15,Oct,Oct 2012,201210
10/16/2012,2012,10,16,Oct,Oct 2012,201210
10/17/2012,2012,10,17,Oct,Oct 2012,201210
10/18/2012,2012,10,18,Oct,Oct 2012,201210
10/19/2012,2012,10,19,Oct,Oct 2012,201210
10/20/2012,2012,10,20,Oct,Oct 2012,201210
10/21/2012,2012,10,21,Oct,Oct 2012,201210
10/22/2012,2012,10,22,Oct,Oct 2012,201210
10/23/2012,2012,10,23,Oct,Oct 2012,201210
10/24/2012,2012,10,24,Oct,Oct 2012,201210
10/25/2012,2012,10,25,Oct,Oct 2012,201210
10/26/2012,2012,10,26,Oct,Oct 2012,201210
10/27/2012,2012,10,27,Oct,Oct 2012,201210
10/28/2012,2012,10,28,Oct,Oct 2012,201210
10/29/2012,2012,10,29,Oct,Oct 2012,201210
10/30/2012,2012,10,30,Oct,Oct 2012,201210
10/31/2012,2012,10,31,Oct,Oct 2012,201210
11/1/2012,2012,11,1,Nov,Nov 2012,201211
11/2/2012,2012,11,2,Nov,Nov 2012,201211
11/3/2012,2012,11,3,Nov,Nov 2012,201211
11/4/2012,2012,11,4,Nov,Nov 2012,201211
11/5/2012,2012,11,5,Nov,Nov 2012,201211
11/6/2012,2012,11,6,Nov,Nov 2012,201211
11/7/2012,2012,11,7,Nov,Nov 2012,201211
11/8/2012,2012,11,8,Nov,Nov 2012,201211
11/9/2012,2012,11,9,Nov,Nov 2012,201211
11/10/2012,2012,11,10,Nov,Nov 2012,201211
11/11/2012,2012,11,11,Nov,Nov 2012,201211
11/12/2012,2012,11,12,Nov,Nov 2012,201211
11/13/2012,2012,11,13,Nov,Nov 2012,201211
11/14/2012,2012,11,14,Nov,Nov 2012,201211
11/15/2012,2012,11,15,Nov,Nov 2012,201211
11/16/2012,2012,11,16,Nov,Nov 2012,201211
11/17/2012,2012,11,17,Nov,Nov 2012,201211
11/18/2012,2012,11,18,Nov,Nov 2012,201211
11/19/2012,2012,11,19,Nov,Nov 2012,201211
11/20/2012,2012,11,20,Nov,Nov 2012,201211
11/21/2012,2012,11,21,Nov,Nov 2012,201211
11/22/2012,2012,11,22,Nov,Nov 2012,201211
11/23/2012,2012,11,23,Nov,Nov 2012,201211
11/24/2012,2012,11,24,Nov,Nov 2012,201211
11/25/2012,2012,11,25,Nov,Nov 2012,201211
11/26/2012,2012,11,26,Nov,Nov 2012,201211
11/27/2012,2012,11,27,Nov,Nov 2012,201211
11/28/2012,2012,11,28,Nov,Nov 2012,201211
11/29/2012,2012,11,29,Nov,Nov 2012,201211
11/30/2012,2012,11,30,Nov,Nov 2012,201211
12/1/2012,2012,12,1,Dec,Dec 2012,201212
12/2/2012,2012,12,2,Dec,Dec 2012,201212
12/3/2012,2012,12,3,Dec,Dec 2012,201212
12/4/2012,2012,12,4,Dec,Dec 2012,201212
12/5/2012,2012,12,5,Dec,Dec 2012,201212
12/6/2012,2012,12,6,Dec,Dec 2012,201212
12/7/2012,2012,12,7,Dec,Dec 2012,201212
12/8/2012,2012,12,8,Dec,Dec 2012,201212
12/9/2012,2012,12,9,Dec,Dec 2012,201212
12/10/2012,2012,12,10,Dec,Dec 2012,201212
12/11/2012,2012,12,11,Dec,Dec 2012,201212
12/12/2012,2012,12,12,Dec,Dec 2012,201212
12/13/2012,2012,12,13,Dec,Dec 2012,201212
12/14/2012,2012,12,14,Dec,Dec 2012,201212
12/15/2012,2012,12,15,Dec,Dec 2012,201212
12/16/2012,2012,12,16,Dec,Dec 2012,201212
12/17/2012,2012,12,17,Dec,Dec 2012,201212
12/18/2012,2012,12,18,Dec,Dec 2012,201212
12/19/2012,2012,12,19,Dec,Dec 2012,201212
12/20/2012,2012,12,20,Dec,Dec 2012,201212
12/21/2012,2012,12,21,Dec,Dec 2012,201212
12/22/2012,2012,12,22,Dec,Dec 2012,201212
12/23/2012,2012,12,23,Dec,Dec 2012,201212
12/24/2012,2012,12,24,Dec,Dec 2012,201212
12/25/2012,2012,12,25,Dec,Dec 2012,201212
12/26/2012,2012,12,26,Dec,Dec 2012,201212
12/27/2012,2012,12,27,Dec,Dec 2012,201212
12/28/2012,2012,12,28,Dec,Dec 2012,201212
12/29/2012,2012,12,29,Dec,Dec 2012,201212
12/30/2012,2012,12,30,Dec,Dec 2012,201212
12/31/2012,2012,12,31,Dec,Dec 2012,201212
1/1/2013,2013,1,1,Jan,Jan 2013,201301
1/2/2013,2013,1,2,Jan,Jan 2013,201301
1/3/2013,2013,1,3,Jan,Jan 2013,201301
1/4/2013,2013,1,4,Jan,Jan 2013,201301
1/5/2013,2013,1,5,Jan,Jan 2013,201301
1/6/2013,2013,1,6,Jan,Jan 2013,201301
1/7/2013,2013,1,7,Jan,Jan 2013,201301
1/8/2013,2013,1,8,Jan,Jan 2013,201301
1/9/2013,2013,1,9,Jan,Jan 2013,201301
1/10/2013,2013,1,10,Jan,Jan 2013,201301
1/11/2013,2013,1,11,Jan,Jan 2013,201301
1/12/2013,2013,1,12,Jan,Jan 2013,201301
1/13/2013,2013,1,13,Jan,Jan 2013,201301
1/14/2013,2013,1,14,Jan,Jan 2013,201301
1/15/2013,2013,1,15,Jan,Jan 2013,201301
1/16/2013,2013,1,16,Jan,Jan 2013,201301
1/17/2013,2013,1,17,Jan,Jan 2013,201301
1/18/2013,2013,1,18,Jan,Jan 2013,201301
1/19/2013,2013,1,19,Jan,Jan 2013,201301
1/20/2013,2013,1,20,Jan,Jan 2013,201301
1/21/2013,2013,1,21,Jan,Jan 2013,201301
1/22/2013,2013,1,22,Jan,Jan 2013,201301
1/23/2013,2013,1,23,Jan,Jan 2013,201301
1/24/2013,2013,1,24,Jan,Jan 2013,201301
1/25/2013,2013,1,25,Jan,Jan 2013,201301
1/26/2013,2013,1,26,Jan,Jan 2013,201301
1/27/2013,2013,1,27,Jan,Jan 2013,201301
1/28/2013,2013,1,28,Jan,Jan 2013,201301
1/29/2013,2013,1,29,Jan,Jan 2013,201301
1/30/2013,2013,1,30,Jan,Jan 2013,201301
1/31/2013,2013,1,31,Jan,Jan 2013,201301
2/1/2013,2013,2,1,Feb,Feb 2013,201302
2/2/2013,2013,2,2,Feb,Feb 2013,201302
2/3/2013,2013,2,3,Feb,Feb 2013,201302
2/4/2013,2013,2,4,Feb,Feb 2013,201302
2/5/2013,2013,2,5,Feb,Feb 2013,201302
2/6/2013,2013,2,6,Feb,Feb 2013,201302
2/7/2013,2013,2,7,Feb,Feb 2013,201302
2/8/2013,2013,2,8,Feb,Feb 2013,201302
2/9/2013,2013,2,9,Feb,Feb 2013,201302
2/10/2013,2013,2,10,Feb,Feb 2013,201302
2/11/2013,2013,2,11,Feb,Feb 2013,201302
2/12/2013,2013,2,12,Feb,Feb 2013,201302
2/13/2013,2013,2,13,Feb,Feb 2013,201302
2/14/2013,2013,2,14,Feb,Feb 2013,201302
2/15/2013,2013,2,15,Feb,Feb 2013,201302
2/16/2013,2013,2,16,Feb,Feb 2013,201302
2/17/2013,2013,2,17,Feb,Feb 2013,201302
2/18/2013,2013,2,18,Feb,Feb 2013,201302
2/19/2013,2013,2,19,Feb,Feb 2013,201302
2/20/2013,2013,2,20,Feb,Feb 2013,201302
2/21/2013,2013,2,21,Feb,Feb 2013,201302
2/22/2013,2013,2,22,Feb,Feb 2013,201302
2/23/2013,2013,2,23,Feb,Feb 2013,201302
2/24/2013,2013,2,24,Feb,Feb 2013,201302
2/25/2013,2013,2,25,Feb,Feb 2013,201302
2/26/2013,2013,2,26,Feb,Feb 2013,201302
2/27/2013,2013,2,27,Feb,Feb 2013,201302
2/28/2013,2013,2,28,Feb,Feb 2013,201302
3/1/2013,2013,3,1,Mar,Mar 2013,201303
3/2/2013,2013,3,2,Mar,Mar 2013,201303
3/3/2013,2013,3,3,Mar,Mar 2013,201303
3/4/2013,2013,3,4,Mar,Mar 2013,201303
3/5/2013,2013,3,5,Mar,Mar 2013,201303
3/6/2013,2013,3,6,Mar,Mar 2013,201303
3/7/2013,2013,3,7,Mar,Mar 2013,201303
3/8/2013,2013,3,8,Mar,Mar 2013,201303
3/9/2013,2013,3,9,Mar,Mar 2013,201303
3/10/2013,2013,3,10,Mar,Mar 2013,201303
3/11/2013,2013,3,11,Mar,Mar 2013,201303
3/12/2013,2013,3,12,Mar,Mar 2013,201303
3/13/2013,2013,3,13,Mar,Mar 2013,201303
3/14/2013,2013,3,14,Mar,Mar 2013,201303
3/15/2013,2013,3,15,Mar,Mar 2013,201303
3/16/2013,2013,3,16,Mar,Mar 2013,201303
3/17/2013,2013,3,17,Mar,Mar 2013,201303
3/18/2013,2013,3,18,Mar,Mar 2013,201303
3/19/2013,2013,3,19,Mar,Mar 2013,201303
3/20/2013,2013,3,20,Mar,Mar 2013,201303
3/21/2013,2013,3,21,Mar,Mar 2013,201303
3/22/2013,2013,3,22,Mar,Mar 2013,201303
3/23/2013,2013,3,23,Mar,Mar 2013,201303
3/24/2013,2013,3,24,Mar,Mar 2013,201303
3/25/2013,2013,3,25,Mar,Mar 2013,201303
3/26/2013,2013,3,26,Mar,Mar 2013,201303
3/27/2013,2013,3,27,Mar,Mar 2013,201303
3/28/2013,2013,3,28,Mar,Mar 2013,201303
3/29/2013,2013,3,29,Mar,Mar 2013,201303
3/30/2013,2013,3,30,Mar,Mar 2013,201303
3/31/2013,2013,3,31,Mar,Mar 2013,201303
4/1/2013,2013,4,1,Apr,Apr 2013,201304
4/2/2013,2013,4,2,Apr,Apr 2013,201304
4/3/2013,2013,4,3,Apr,Apr 2013,201304
4/4/2013,2013,4,4,Apr,Apr 2013,201304
4/5/2013,2013,4,5,Apr,Apr 2013,201304
4/6/2013,2013,4,6,Apr,Apr 2013,201304
4/7/2013,2013,4,7,Apr,Apr 2013,201304
4/8/2013,2013,4,8,Apr,Apr 2013,201304
4/9/2013,2013,4,9,Apr,Apr 2013,201304
4/10/2013,2013,4,10,Apr,Apr 2013,201304
4/11/2013,2013,4,11,Apr,Apr 2013,201304
4/12/2013,2013,4,12,Apr,Apr 2013,201304
4/13/2013,2013,4,13,Apr,Apr 2013,201304
4/14/2013,2013,4,14,Apr,Apr 2013,201304
4/15/2013,2013,4,15,Apr,Apr 2013,201304
4/16/2013,2013,4,16,Apr,Apr 2013,201304
4/17/2013,2013,4,17,Apr,Apr 2013,201304
4/18/2013,2013,4,18,Apr,Apr 2013,201304
4/19/2013,2013,4,19,Apr,Apr 2013,201304
4/20/2013,2013,4,20,Apr,Apr 2013,201304
4/21/2013,2013,4,21,Apr,Apr 2013,201304
4/22/2013,2013,4,22,Apr,Apr 2013,201304
4/23/2013,2013,4,23,Apr,Apr 2013,201304
4/24/2013,2013,4,24,Apr,Apr 2013,201304
4/25/2013,2013,4,25,Apr,Apr 2013,201304
4/26/2013,2013,4,26,Apr,Apr 2013,201304
4/27/2013,2013,4,27,Apr,Apr 2013,201304
4/28/2013,2013,4,28,Apr,Apr 2013,201304
4/29/2013,2013,4,29,Apr,Apr 2013,201304
4/30/2013,2013,4,30,Apr,Apr 2013,201304
5/1/2013,2013,5,1,May,May 2013,201305
5/2/2013,2013,5,2,May,May 2013,201305
5/3/2013,2013,5,3,May,May 2013,201305
5/4/2013,2013,5,4,May,May 2013,201305
5/5/2013,2013,5,5,May,May 2013,201305
5/6/2013,2013,5,6,May,May 2013,201305
5/7/2013,2013,5,7,May,May 2013,201305
5/8/2013,2013,5,8,May,May 2013,201305
5/9/2013,2013,5,9,May,May 2013,201305
5/10/2013,2013,5,10,May,May 2013,201305
5/11/2013,2013,5,11,May,May 2013,201305
5/12/2013,2013,5,12,May,May 2013,201305
5/13/2013,2013,5,13,May,May 2013,201305
5/14/2013,2013,5,14,May,May 2013,201305
5/15/2013,2013,5,15,May,May 2013,201305
5/16/2013,2013,5,16,May,May 2013,201305
5/17/2013,2013,5,17,May,May 2013,201305
5/18/2013,2013,5,18,May,May 2013,201305
5/19/2013,2013,5,19,May,May 2013,201305
5/20/2013,2013,5,20,May,May 2013,201305
5/21/2013,2013,5,21,May,May 2013,201305
5/22/2013,2013,5,22,May,May 2013,201305
5/23/2013,2013,5,23,May,May 2013,201305
5/24/2013,2013,5,24,May,May 2013,201305
5/25/2013,2013,5,25,May,May 2013,201305
5/26/2013,2013,5,26,May,May 2013,201305
5/27/2013,2013,5,27,May,May 2013,201305
5/28/2013,2013,5,28,May,May 2013,201305
5/29/2013,2013,5,29,May,May 2013,201305
5/30/2013,2013,5,30,May,May 2013,201305
5/31/2013,2013,5,31,May,May 2013,201305
6/1/2013,2013,6,1,Jun,Jun 2013,201306
6/2/2013,2013,6,2,Jun,Jun 2013,201306
6/3/2013,2013,6,3,Jun,Jun 2013,201306
6/4/2013,2013,6,4,Jun,Jun 2013,201306
6/5/2013,2013,6,5,Jun,Jun 2013,201306
6/6/2013,2013,6,6,Jun,Jun 2013,201306
6/7/2013,2013,6,7,Jun,Jun 2013,201306
6/8/2013,2013,6,8,Jun,Jun 2013,201306
6/9/2013,2013,6,9,Jun,Jun 2013,201306
6/10/2013,2013,6,10,Jun,Jun 2013,201306
6/11/2013,2013,6,11,Jun,Jun 2013,201306
6/12/2013,2013,6,12,Jun,Jun 2013,201306
6/13/2013,2013,6,13,Jun,Jun 2013,201306
6/14/2013,2013,6,14,Jun,Jun 2013,201306
6/15/2013,2013,6,15,Jun,Jun 2013,201306
6/16/2013,2013,6,16,Jun,Jun 2013,201306
6/17/2013,2013,6,17,Jun,Jun 2013,201306
6/18/2013,2013,6,18,Jun,Jun 2013,201306
6/19/2013,2013,6,19,Jun,Jun 2013,201306
6/20/2013,2013,6,20,Jun,Jun 2013,201306
6/21/2013,2013,6,21,Jun,Jun 2013,201306
6/22/2013,2013,6,22,Jun,Jun 2013,201306
6/23/2013,2013,6,23,Jun,Jun 2013,201306
6/24/2013,2013,6,24,Jun,Jun 2013,201306
6/25/2013,2013,6,25,Jun,Jun 2013,201306
6/26/2013,2013,6,26,Jun,Jun 2013,201306
6/27/2013,2013,6,27,Jun,Jun 2013,201306
6/28/2013,2013,6,28,Jun,Jun 2013,201306
6/29/2013,2013,6,29,Jun,Jun 2013,201306
6/30/2013,2013,6,30,Jun,Jun 2013,201306
7/1/2013,2013,7,1,Jul,Jul 2013,201307
7/2/2013,2013,7,2,Jul,Jul 2013,201307
7/3/2013,2013,7,3,Jul,Jul 2013,201307
7/4/2013,2013,7,4,Jul,Jul 2013,201307
7/5/2013,2013,7,5,Jul,Jul 2013,201307
7/6/2013,2013,7,6,Jul,Jul 2013,201307
7/7/2013,2013,7,7,Jul,Jul 2013,201307
7/8/2013,2013,7,8,Jul,Jul 2013,201307
7/9/2013,2013,7,9,Jul,Jul 2013,201307
7/10/2013,2013,7,10,Jul,Jul 2013,201307
7/11/2013,2013,7,11,Jul,Jul 2013,201307
7/12/2013,2013,7,12,Jul,Jul 2013,201307
7/13/2013,2013,7,13,Jul,Jul 2013,201307
7/14/2013,2013,7,14,Jul,Jul 2013,201307
7/15/2013,2013,7,15,Jul,Jul 2013,201307
7/16/2013,2013,7,16,Jul,Jul 2013,201307
7/17/2013,2013,7,17,Jul,Jul 2013,201307
7/18/2013,2013,7,18,Jul,Jul 2013,201307
7/19/2013,2013,7,19,Jul,Jul 2013,201307
7/20/2013,2013,7,20,Jul,Jul 2013,201307
7/21/2013,2013,7,21,Jul,Jul 2013,201307
7/22/2013,2013,7,22,Jul,Jul 2013,201307
7/23/2013,2013,7,23,Jul,Jul 2013,201307
7/24/2013,2013,7,24,Jul,Jul 2013,201307
7/25/2013,2013,7,25,Jul,Jul 2013,201307
7/26/2013,2013,7,26,Jul,Jul 2013,201307
7/27/2013,2013,7,27,Jul,Jul 2013,201307
7/28/2013,2013,7,28,Jul,Jul 2013,201307
7/29/2013,2013,7,29,Jul,Jul 2013,201307
7/30/2013,2013,7,30,Jul,Jul 2013,201307
7/31/2013,2013,7,31,Jul,Jul 2013,201307
8/1/2013,2013,8,1,Aug,Aug 2013,201308
8/2/2013,2013,8,2,Aug,Aug 2013,201308
8/3/2013,2013,8,3,Aug,Aug 2013,201308
8/4/2013,2013,8,4,Aug,Aug 2013,201308
8/5/2013,2013,8,5,Aug,Aug 2013,201308
8/6/2013,2013,8,6,Aug,Aug 2013,201308
8/7/2013,2013,8,7,Aug,Aug 2013,201308
8/8/2013,2013,8,8,Aug,Aug 2013,201308
8/9/2013,2013,8,9,Aug,Aug 2013,201308
8/10/2013,2013,8,10,Aug,Aug 2013,201308
8/11/2013,2013,8,11,Aug,Aug 2013,201308
8/12/2013,2013,8,12,Aug,Aug 2013,201308
8/13/2013,2013,8,13,Aug,Aug 2013,201308
8/14/2013,2013,8,14,Aug,Aug 2013,201308
8/15/2013,2013,8,15,Aug,Aug 2013,201308
8/16/2013,2013,8,16,Aug,Aug 2013,201308
8/17/2013,2013,8,17,Aug,Aug 2013,201308
8/18/2013,2013,8,18,Aug,Aug 2013,201308
8/19/2013,2013,8,19,Aug,Aug 2013,201308
8/20/2013,2013,8,20,Aug,Aug 2013,201308
8/21/2013,2013,8,21,Aug,Aug 2013,201308
8/22/2013,2013,8,22,Aug,Aug 2013,201308
8/23/2013,2013,8,23,Aug,Aug 2013,201308
8/24/2013,2013,8,24,Aug,Aug 2013,201308
8/25/2013,2013,8,25,Aug,Aug 2013,201308
8/26/2013,2013,8,26,Aug,Aug 2013,201308
8/27/2013,2013,8,27,Aug,Aug 2013,201308
8/28/2013,2013,8,28,Aug,Aug 2013,201308
8/29/2013,2013,8,29,Aug,Aug 2013,201308
8/30/2013,2013,8,30,Aug,Aug 2013,201308
8/31/2013,2013,8,31,Aug,Aug 2013,201308
9/1/2013,2013,9,1,Sep,Sep 2013,201309
9/2/2013,2013,9,2,Sep,Sep 2013,201309
9/3/2013,2013,9,3,Sep,Sep 2013,201309
9/4/2013,2013,9,4,Sep,Sep 2013,201309
9/5/2013,2013,9,5,Sep,Sep 2013,201309
9/6/2013,2013,9,6,Sep,Sep 2013,201309
9/7/2013,2013,9,7,Sep,Sep 2013,201309
9/8/2013,2013,9,8,Sep,Sep 2013,201309
9/9/2013,2013,9,9,Sep,Sep 2013,201309
9/10/2013,2013,9,10,Sep,Sep 2013,201309
9/11/2013,2013,9,11,Sep,Sep 2013,201309
9/12/2013,2013,9,12,Sep,Sep 2013,201309
9/13/2013,2013,9,13,Sep,Sep 2013,201309
9/14/2013,2013,9,14,Sep,Sep 2013,201309
9/15/2013,2013,9,15,Sep,Sep 2013,201309
9/16/2013,2013,9,16,Sep,Sep 2013,201309
9/17/2013,2013,9,17,Sep,Sep 2013,201309
9/18/2013,2013,9,18,Sep,Sep 2013,201309
9/19/2013,2013,9,19,Sep,Sep 2013,201309
9/20/2013,2013,9,20,Sep,Sep 2013,201309
9/21/2013,2013,9,21,Sep,Sep 2013,201309
9/22/2013,2013,9,22,Sep,Sep 2013,201309
9/23/2013,2013,9,23,Sep,Sep 2013,201309
9/24/2013,2013,9,24,Sep,Sep 2013,201309
9/25/2013,2013,9,25,Sep,Sep 2013,201309
9/26/2013,2013,9,26,Sep,Sep 2013,201309
9/27/2013,2013,9,27,Sep,Sep 2013,201309
9/28/2013,2013,9,28,Sep,Sep 2013,201309
9/29/2013,2013,9,29,Sep,Sep 2013,201309
9/30/2013,2013,9,30,Sep,Sep 2013,201309
10/1/2013,2013,10,1,Oct,Oct 2013,201310
10/2/2013,2013,10,2,Oct,Oct 2013,201310
10/3/2013,2013,10,3,Oct,Oct 2013,201310
10/4/2013,2013,10,4,Oct,Oct 2013,201310
10/5/2013,2013,10,5,Oct,Oct 2013,201310
10/6/2013,2013,10,6,Oct,Oct 2013,201310
10/7/2013,2013,10,7,Oct,Oct 2013,201310
10/8/2013,2013,10,8,Oct,Oct 2013,201310
10/9/2013,2013,10,9,Oct,Oct 2013,201310
10/10/2013,2013,10,10,Oct,Oct 2013,201310
10/11/2013,2013,10,11,Oct,Oct 2013,201310
10/12/2013,2013,10,12,Oct,Oct 2013,201310
10/13/2013,2013,10,13,Oct,Oct 2013,201310
10/14/2013,2013,10,14,Oct,Oct 2013,201310
10/15/2013,2013,10,15,Oct,Oct 2013,201310
10/16/2013,2013,10,16,Oct,Oct 2013,201310
10/17/2013,2013,10,17,Oct,Oct 2013,201310
10/18/2013,2013,10,18,Oct,Oct 2013,201310
10/19/2013,2013,10,19,Oct,Oct 2013,201310
10/20/2013,2013,10,20,Oct,Oct 2013,201310
10/21/2013,2013,10,21,Oct,Oct 2013,201310
10/22/2013,2013,10,22,Oct,Oct 2013,201310
10/23/2013,2013,10,23,Oct,Oct 2013,201310
10/24/2013,2013,10,24,Oct,Oct 2013,201310
10/25/2013,2013,10,25,Oct,Oct 2013,201310
10/26/2013,2013,10,26,Oct,Oct 2013,201310
10/27/2013,2013,10,27,Oct,Oct 2013,201310
10/28/2013,2013,10,28,Oct,Oct 2013,201310
10/29/2013,2013,10,29,Oct,Oct 2013,201310
10/30/2013,2013,10,30,Oct,Oct 2013,201310
10/31/2013,2013,10,31,Oct,Oct 2013,201310
11/1/2013,2013,11,1,Nov,Nov 2013,201311
11/2/2013,2013,11,2,Nov,Nov 2013,201311
11/3/2013,2013,11,3,Nov,Nov 2013,201311
11/4/2013,2013,11,4,Nov,Nov 2013,201311
11/5/2013,2013,11,5,Nov,Nov 2013,201311
11/6/2013,2013,11,6,Nov,Nov 2013,201311
11/7/2013,2013,11,7,Nov,Nov 2013,201311
11/8/2013,2013,11,8,Nov,Nov 2013,201311
11/9/2013,2013,11,9,Nov,Nov 2013,201311
11/10/2013,2013,11,10,Nov,Nov 2013,201311
11/11/2013,2013,11,11,Nov,Nov 2013,201311
11/12/2013,2013,11,12,Nov,Nov 2013,201311
11/13/2013,2013,11,13,Nov,Nov 2013,201311
11/14/2013,2013,11,14,Nov,Nov 2013,201311
11/15/2013,2013,11,15,Nov,Nov 2013,201311
11/16/2013,2013,11,16,Nov,Nov 2013,201311
11/17/2013,2013,11,17,Nov,Nov 2013,201311
11/18/2013,2013,11,18,Nov,Nov 2013,201311
11/19/2013,2013,11,19,Nov,Nov 2013,201311
11/20/2013,2013,11,20,Nov,Nov 2013,201311
11/21/2013,2013,11,21,Nov,Nov 2013,201311
11/22/2013,2013,11,22,Nov,Nov 2013,201311
11/23/2013,2013,11,23,Nov,Nov 2013,201311
11/24/2013,2013,11,24,Nov,Nov 2013,201311
11/25/2013,2013,11,25,Nov,Nov 2013,201311
11/26/2013,2013,11,26,Nov,Nov 2013,201311
11/27/2013,2013,11,27,Nov,Nov 2013,201311
11/28/2013,2013,11,28,Nov,Nov 2013,201311
11/29/2013,2013,11,29,Nov,Nov 2013,201311
11/30/2013,2013,11,30,Nov,Nov 2013,201311
12/1/2013,2013,12,1,Dec,Dec 2013,201312
12/2/2013,2013,12,2,Dec,Dec 2013,201312
12/3/2013,2013,12,3,Dec,Dec 2013,201312
12/4/2013,2013,12,4,Dec,Dec 2013,201312
12/5/2013,2013,12,5,Dec,Dec 2013,201312
12/6/2013,2013,12,6,Dec,Dec 2013,201312
12/7/2013,2013,12,7,Dec,Dec 2013,201312
12/8/2013,2013,12,8,Dec,Dec 2013,201312
12/9/2013,2013,12,9,Dec,Dec 2013,201312
12/10/2013,2013,12,10,Dec,Dec 2013,201312
12/11/2013,2013,12,11,Dec,Dec 2013,201312
12/12/2013,2013,12,12,Dec,Dec 2013,201312
12/13/2013,2013,12,13,Dec,Dec 2013,201312
12/14/2013,2013,12,14,Dec,Dec 2013,201312
12/15/2013,2013,12,15,Dec,Dec 2013,201312
12/16/2013,2013,12,16,Dec,Dec 2013,201312
12/17/2013,2013,12,17,Dec,Dec 2013,201312
12/18/2013,2013,12,18,Dec,Dec 2013,201312
12/19/2013,2013,12,19,Dec,Dec 2013,201312
12/20/2013,2013,12,20,Dec,Dec 2013,201312
12/21/2013,2013,12,21,Dec,Dec 2013,201312
12/22/2013,2013,12,22,Dec,Dec 2013,201312
12/23/2013,2013,12,23,Dec,Dec 2013,201312
12/24/2013,2013,12,24,Dec,Dec 2013,201312
12/25/2013,2013,12,25,Dec,Dec 2013,201312
12/26/2013,2013,12,26,Dec,Dec 2013,201312
12/27/2013,2013,12,27,Dec,Dec 2013,201312
12/28/2013,2013,12,28,Dec,Dec 2013,201312
12/29/2013,2013,12,29,Dec,Dec 2013,201312
12/30/2013,2013,12,30,Dec,Dec 2013,201312
12/31/2013,2013,12,31,Dec,Dec 2013,201312
1/1/2014,2014,1,1,Jan,Jan 2014,201401
1/2/2014,2014,1,2,Jan,Jan 2014,201401
1/3/2014,2014,1,3,Jan,Jan 2014,201401
1/4/2014,2014,1,4,Jan,Jan 2014,201401
1/5/2014,2014,1,5,Jan,Jan 2014,201401
1/6/2014,2014,1,6,Jan,Jan 2014,201401
1/7/2014,2014,1,7,Jan,Jan 2014,201401
1/8/2014,2014,1,8,Jan,Jan 2014,201401
1/9/2014,2014,1,9,Jan,Jan 2014,201401
1/10/2014,2014,1,10,Jan,Jan 2014,201401
1/11/2014,2014,1,11,Jan,Jan 2014,201401
1/12/2014,2014,1,12,Jan,Jan 2014,201401
1/13/2014,2014,1,13,Jan,Jan 2014,201401
1/14/2014,2014,1,14,Jan,Jan 2014,201401
1/15/2014,2014,1,15,Jan,Jan 2014,201401
1/16/2014,2014,1,16,Jan,Jan 2014,201401
1/17/2014,2014,1,17,Jan,Jan 2014,201401
1/18/2014,2014,1,18,Jan,Jan 2014,201401
1/19/2014,2014,1,19,Jan,Jan 2014,201401
1/20/2014,2014,1,20,Jan,Jan 2014,201401
1/21/2014,2014,1,21,Jan,Jan 2014,201401
1/22/2014,2014,1,22,Jan,Jan 2014,201401
1/23/2014,2014,1,23,Jan,Jan 2014,201401
1/24/2014,2014,1,24,Jan,Jan 2014,201401
1/25/2014,2014,1,25,Jan,Jan 2014,201401
1/26/2014,2014,1,26,Jan,Jan 2014,201401
1/27/2014,2014,1,27,Jan,Jan 2014,201401
1/28/2014,2014,1,28,Jan,Jan 2014,201401
1/29/2014,2014,1,29,Jan,Jan 2014,201401
1/30/2014,2014,1,30,Jan,Jan 2014,201401
1/31/2014,2014,1,31,Jan,Jan 2014,201401
2/1/2014,2014,2,1,Feb,Feb 2014,201402
2/2/2014,2014,2,2,Feb,Feb 2014,201402
2/3/2014,2014,2,3,Feb,Feb 2014,201402
2/4/2014,2014,2,4,Feb,Feb 2014,201402
2/5/2014,2014,2,5,Feb,Feb 2014,201402
2/6/2014,2014,2,6,Feb,Feb 2014,201402
2/7/2014,2014,2,7,Feb,Feb 2014,201402
2/8/2014,2014,2,8,Feb,Feb 2014,201402
2/9/2014,2014,2,9,Feb,Feb 2014,201402
2/10/2014,2014,2,10,Feb,Feb 2014,201402
2/11/2014,2014,2,11,Feb,Feb 2014,201402
2/12/2014,2014,2,12,Feb,Feb 2014,201402
2/13/2014,2014,2,13,Feb,Feb 2014,201402
2/14/2014,2014,2,14,Feb,Feb 2014,201402
2/15/2014,2014,2,15,Feb,Feb 2014,201402
2/16/2014,2014,2,16,Feb,Feb 2014,201402
2/17/2014,2014,2,17,Feb,Feb 2014,201402
2/18/2014,2014,2,18,Feb,Feb 2014,201402
2/19/2014,2014,2,19,Feb,Feb 2014,201402
2/20/2014,2014,2,20,Feb,Feb 2014,201402
2/21/2014,2014,2,21,Feb,Feb 2014,201402
2/22/2014,2014,2,22,Feb,Feb 2014,201402
2/23/2014,2014,2,23,Feb,Feb 2014,201402
2/24/2014,2014,2,24,Feb,Feb 2014,201402
2/25/2014,2014,2,25,Feb,Feb 2014,201402
2/26/2014,2014,2,26,Feb,Feb 2014,201402
2/27/2014,2014,2,27,Feb,Feb 2014,201402
2/28/2014,2014,2,28,Feb,Feb 2014,201402
3/1/2014,2014,3,1,Mar,Mar 2014,201403
3/2/2014,2014,3,2,Mar,Mar 2014,201403
3/3/2014,2014,3,3,Mar,Mar 2014,201403
3/4/2014,2014,3,4,Mar,Mar 2014,201403
3/5/2014,2014,3,5,Mar,Mar 2014,201403
3/6/2014,2014,3,6,Mar,Mar 2014,201403
3/7/2014,2014,3,7,Mar,Mar 2014,201403
3/8/2014,2014,3,8,Mar,Mar 2014,201403
3/9/2014,2014,3,9,Mar,Mar 2014,201403
3/10/2014,2014,3,10,Mar,Mar 2014,201403
3/11/2014,2014,3,11,Mar,Mar 2014,201403
3/12/2014,2014,3,12,Mar,Mar 2014,201403
3/13/2014,2014,3,13,Mar,Mar 2014,201403
3/14/2014,2014,3,14,Mar,Mar 2014,201403
3/15/2014,2014,3,15,Mar,Mar 2014,201403
3/16/2014,2014,3,16,Mar,Mar 2014,201403
3/17/2014,2014,3,17,Mar,Mar 2014,201403
3/18/2014,2014,3,18,Mar,Mar 2014,201403
3/19/2014,2014,3,19,Mar,Mar 2014,201403
3/20/2014,2014,3,20,Mar,Mar 2014,201403
3/21/2014,2014,3,21,Mar,Mar 2014,201403
3/22/2014,2014,3,22,Mar,Mar 2014,201403
3/23/2014,2014,3,23,Mar,Mar 2014,201403
3/24/2014,2014,3,24,Mar,Mar 2014,201403
3/25/2014,2014,3,25,Mar,Mar 2014,201403
3/26/2014,2014,3,26,Mar,Mar 2014,201403
3/27/2014,2014,3,27,Mar,Mar 2014,201403
3/28/2014,2014,3,28,Mar,Mar 2014,201403
3/29/2014,2014,3,29,Mar,Mar 2014,201403
3/30/2014,2014,3,30,Mar,Mar 2014,201403
3/31/2014,2014,3,31,Mar,Mar 2014,201403
4/1/2014,2014,4,1,Apr,Apr 2014,201404
4/2/2014,2014,4,2,Apr,Apr 2014,201404
4/3/2014,2014,4,3,Apr,Apr 2014,201404
4/4/2014,2014,4,4,Apr,Apr 2014,201404
4/5/2014,2014,4,5,Apr,Apr 2014,201404
4/6/2014,2014,4,6,Apr,Apr 2014,201404
4/7/2014,2014,4,7,Apr,Apr 2014,201404
4/8/2014,2014,4,8,Apr,Apr 2014,201404
4/9/2014,2014,4,9,Apr,Apr 2014,201404
4/10/2014,2014,4,10,Apr,Apr 2014,201404
4/11/2014,2014,4,11,Apr,Apr 2014,201404
4/12/2014,2014,4,12,Apr,Apr 2014,201404
4/13/2014,2014,4,13,Apr,Apr 2014,201404
4/14/2014,2014,4,14,Apr,Apr 2014,201404
4/15/2014,2014,4,15,Apr,Apr 2014,201404
4/16/2014,2014,4,16,Apr,Apr 2014,201404
4/17/2014,2014,4,17,Apr,Apr 2014,201404
4/18/2014,2014,4,18,Apr,Apr 2014,201404
4/19/2014,2014,4,19,Apr,Apr 2014,201404
4/20/2014,2014,4,20,Apr,Apr 2014,201404
4/21/2014,2014,4,21,Apr,Apr 2014,201404
4/22/2014,2014,4,22,Apr,Apr 2014,201404
4/23/2014,2014,4,23,Apr,Apr 2014,201404
4/24/2014,2014,4,24,Apr,Apr 2014,201404
4/25/2014,2014,4,25,Apr,Apr 2014,201404
4/26/2014,2014,4,26,Apr,Apr 2014,201404
4/27/2014,2014,4,27,Apr,Apr 2014,201404
4/28/2014,2014,4,28,Apr,Apr 2014,201404
4/29/2014,2014,4,29,Apr,Apr 2014,201404
4/30/2014,2014,4,30,Apr,Apr 2014,201404
5/1/2014,2014,5,1,May,May 2014,201405
5/2/2014,2014,5,2,May,May 2014,201405
5/3/2014,2014,5,3,May,May 2014,201405
5/4/2014,2014,5,4,May,May 2014,201405
5/5/2014,2014,5,5,May,May 2014,201405
5/6/2014,2014,5,6,May,May 2014,201405
5/7/2014,2014,5,7,May,May 2014,201405
5/8/2014,2014,5,8,May,May 2014,201405
5/9/2014,2014,5,9,May,May 2014,201405
5/10/2014,2014,5,10,May,May 2014,201405
5/11/2014,2014,5,11,May,May 2014,201405
5/12/2014,2014,5,12,May,May 2014,201405
5/13/2014,2014,5,13,May,May 2014,201405
5/14/2014,2014,5,14,May,May 2014,201405
5/15/2014,2014,5,15,May,May 2014,201405
5/16/2014,2014,5,16,May,May 2014,201405
5/17/2014,2014,5,17,May,May 2014,201405
5/18/2014,2014,5,18,May,May 2014,201405
5/19/2014,2014,5,19,May,May 2014,201405
5/20/2014,2014,5,20,May,May 2014,201405
5/21/2014,2014,5,21,May,May 2014,201405
5/22/2014,2014,5,22,May,May 2014,201405
5/23/2014,2014,5,23,May,May 2014,201405
5/24/2014,2014,5,24,May,May 2014,201405
5/25/2014,2014,5,25,May,May 2014,201405
5/26/2014,2014,5,26,May,May 2014,201405
5/27/2014,2014,5,27,May,May 2014,201405
5/28/2014,2014,5,28,May,May 2014,201405
5/29/2014,2014,5,29,May,May 2014,201405
5/30/2014,2014,5,30,May,May 2014,201405
5/31/2014,2014,5,31,May,May 2014,201405
6/1/2014,2014,6,1,Jun,Jun 2014,201406
6/2/2014,2014,6,2,Jun,Jun 2014,201406
6/3/2014,2014,6,3,Jun,Jun 2014,201406
6/4/2014,2014,6,4,Jun,Jun 2014,201406
6/5/2014,2014,6,5,Jun,Jun 2014,201406
6/6/2014,2014,6,6,Jun,Jun 2014,201406
6/7/2014,2014,6,7,Jun,Jun 2014,201406
6/8/2014,2014,6,8,Jun,Jun 2014,201406
6/9/2014,2014,6,9,Jun,Jun 2014,201406
6/10/2014,2014,6,10,Jun,Jun 2014,201406
6/11/2014,2014,6,11,Jun,Jun 2014,201406
6/12/2014,2014,6,12,Jun,Jun 2014,201406
6/13/2014,2014,6,13,Jun,Jun 2014,201406
6/14/2014,2014,6,14,Jun,Jun 2014,201406
6/15/2014,2014,6,15,Jun,Jun 2014,201406
6/16/2014,2014,6,16,Jun,Jun 2014,201406
6/17/2014,2014,6,17,Jun,Jun 2014,201406
6/18/2014,2014,6,18,Jun,Jun 2014,201406
6/19/2014,2014,6,19,Jun,Jun 2014,201406
6/20/2014,2014,6,20,Jun,Jun 2014,201406
6/21/2014,2014,6,21,Jun,Jun 2014,201406
6/22/2014,2014,6,22,Jun,Jun 2014,201406
6/23/2014,2014,6,23,Jun,Jun 2014,201406
6/24/2014,2014,6,24,Jun,Jun 2014,201406
6/25/2014,2014,6,25,Jun,Jun 2014,201406
6/26/2014,2014,6,26,Jun,Jun 2014,201406
6/27/2014,2014,6,27,Jun,Jun 2014,201406
6/28/2014,2014,6,28,Jun,Jun 2014,201406
6/29/2014,2014,6,29,Jun,Jun 2014,201406
6/30/2014,2014,6,30,Jun,Jun 2014,201406
7/1/2014,2014,7,1,Jul,Jul 2014,201407
7/2/2014,2014,7,2,Jul,Jul 2014,201407
7/3/2014,2014,7,3,Jul,Jul 2014,201407
7/4/2014,2014,7,4,Jul,Jul 2014,201407
7/5/2014,2014,7,5,Jul,Jul 2014,201407
7/6/2014,2014,7,6,Jul,Jul 2014,201407
7/7/2014,2014,7,7,Jul,Jul 2014,201407
7/8/2014,2014,7,8,Jul,Jul 2014,201407
7/9/2014,2014,7,9,Jul,Jul 2014,201407
7/10/2014,2014,7,10,Jul,Jul 2014,201407
7/11/2014,2014,7,11,Jul,Jul 2014,201407
7/12/2014,2014,7,12,Jul,Jul 2014,201407
7/13/2014,2014,7,13,Jul,Jul 2014,201407
7/14/2014,2014,7,14,Jul,Jul 2014,201407
7/15/2014,2014,7,15,Jul,Jul 2014,201407
7/16/2014,2014,7,16,Jul,Jul 2014,201407
7/17/2014,2014,7,17,Jul,Jul 2014,201407
7/18/2014,2014,7,18,Jul,Jul 2014,201407
7/19/2014,2014,7,19,Jul,Jul 2014,201407
7/20/2014,2014,7,20,Jul,Jul 2014,201407
7/21/2014,2014,7,21,Jul,Jul 2014,201407
7/22/2014,2014,7,22,Jul,Jul 2014,201407
7/23/2014,2014,7,23,Jul,Jul 2014,201407
7/24/2014,2014,7,24,Jul,Jul 2014,201407
7/25/2014,2014,7,25,Jul,Jul 2014,201407
7/26/2014,2014,7,26,Jul,Jul 2014,201407
7/27/2014,2014,7,27,Jul,Jul 2014,201407
7/28/2014,2014,7,28,Jul,Jul 2014,201407
7/29/2014,2014,7,29,Jul,Jul 2014,201407
7/30/2014,2014,7,30,Jul,Jul 2014,201407
7/31/2014,2014,7,31,Jul,Jul 2014,201407
8/1/2014,2014,8,1,Aug,Aug 2014,201408
8/2/2014,2014,8,2,Aug,Aug 2014,201408
8/3/2014,2014,8,3,Aug,Aug 2014,201408
8/4/2014,2014,8,4,Aug,Aug 2014,201408
8/5/2014,2014,8,5,Aug,Aug 2014,201408
8/6/2014,2014,8,6,Aug,Aug 2014,201408
8/7/2014,2014,8,7,Aug,Aug 2014,201408
8/8/2014,2014,8,8,Aug,Aug 2014,201408
8/9/2014,2014,8,9,Aug,Aug 2014,201408
8/10/2014,2014,8,10,Aug,Aug 2014,201408
8/11/2014,2014,8,11,Aug,Aug 2014,201408
8/12/2014,2014,8,12,Aug,Aug 2014,201408
8/13/2014,2014,8,13,Aug,Aug 2014,201408
8/14/2014,2014,8,14,Aug,Aug 2014,201408
8/15/2014,2014,8,15,Aug,Aug 2014,201408
8/16/2014,2014,8,16,Aug,Aug 2014,201408
8/17/2014,2014,8,17,Aug,Aug 2014,201408
8/18/2014,2014,8,18,Aug,Aug 2014,201408
8/19/2014,2014,8,19,Aug,Aug 2014,201408
8/20/2014,2014,8,20,Aug,Aug 2014,201408
8/21/2014,2014,8,21,Aug,Aug 2014,201408
8/22/2014,2014,8,22,Aug,Aug 2014,201408
8/23/2014,2014,8,23,Aug,Aug 2014,201408
8/24/2014,2014,8,24,Aug,Aug 2014,201408
8/25/2014,2014,8,25,Aug,Aug 2014,201408
8/26/2014,2014,8,26,Aug,Aug 2014,201408
8/27/2014,2014,8,27,Aug,Aug 2014,201408
8/28/2014,2014,8,28,Aug,Aug 2014,201408
8/29/2014,2014,8,29,Aug,Aug 2014,201408
8/30/2014,2014,8,30,Aug,Aug 2014,201408
8/31/2014,2014,8,31,Aug,Aug 2014,201408
9/1/2014,2014,9,1,Sep,Sep 2014,201409
9/2/2014,2014,9,2,Sep,Sep 2014,201409
9/3/2014,2014,9,3,Sep,Sep 2014,201409
9/4/2014,2014,9,4,Sep,Sep 2014,201409
9/5/2014,2014,9,5,Sep,Sep 2014,201409
9/6/2014,2014,9,6,Sep,Sep 2014,201409
9/7/2014,2014,9,7,Sep,Sep 2014,201409
9/8/2014,2014,9,8,Sep,Sep 2014,201409
9/9/2014,2014,9,9,Sep,Sep 2014,201409
9/10/2014,2014,9,10,Sep,Sep 2014,201409
9/11/2014,2014,9,11,Sep,Sep 2014,201409
9/12/2014,2014,9,12,Sep,Sep 2014,201409
9/13/2014,2014,9,13,Sep,Sep 2014,201409
9/14/2014,2014,9,14,Sep,Sep 2014,201409
9/15/2014,2014,9,15,Sep,Sep 2014,201409
9/16/2014,2014,9,16,Sep,Sep 2014,201409
9/17/2014,2014,9,17,Sep,Sep 2014,201409
9/18/2014,2014,9,18,Sep,Sep 2014,201409
9/19/2014,2014,9,19,Sep,Sep 2014,201409
9/20/2014,2014,9,20,Sep,Sep 2014,201409
9/21/2014,2014,9,21,Sep,Sep 2014,201409
9/22/2014,2014,9,22,Sep,Sep 2014,201409
9/23/2014,2014,9,23,Sep,Sep 2014,201409
9/24/2014,2014,9,24,Sep,Sep 2014,201409
9/25/2014,2014,9,25,Sep,Sep 2014,201409
9/26/2014,2014,9,26,Sep,Sep 2014,201409
9/27/2014,2014,9,27,Sep,Sep 2014,201409
9/28/2014,2014,9,28,Sep,Sep 2014,201409
9/29/2014,2014,9,29,Sep,Sep 2014,201409
9/30/2014,2014,9,30,Sep,Sep 2014,201409
10/1/2014,2014,10,1,Oct,Oct 2014,201410
10/2/2014,2014,10,2,Oct,Oct 2014,201410
10/3/2014,2014,10,3,Oct,Oct 2014,201410
10/4/2014,2014,10,4,Oct,Oct 2014,201410
10/5/2014,2014,10,5,Oct,Oct 2014,201410
10/6/2014,2014,10,6,Oct,Oct 2014,201410
10/7/2014,2014,10,7,Oct,Oct 2014,201410
10/8/2014,2014,10,8,Oct,Oct 2014,201410
10/9/2014,2014,10,9,Oct,Oct 2014,201410
10/10/2014,2014,10,10,Oct,Oct 2014,201410
10/11/2014,2014,10,11,Oct,Oct 2014,201410
10/12/2014,2014,10,12,Oct,Oct 2014,201410
10/13/2014,2014,10,13,Oct,Oct 2014,201410
10/14/2014,2014,10,14,Oct,Oct 2014,201410
10/15/2014,2014,10,15,Oct,Oct 2014,201410
10/16/2014,2014,10,16,Oct,Oct 2014,201410
10/17/2014,2014,10,17,Oct,Oct 2014,201410
10/18/2014,2014,10,18,Oct,Oct 2014,201410
10/19/2014,2014,10,19,Oct,Oct 2014,201410
10/20/2014,2014,10,20,Oct,Oct 2014,201410
10/21/2014,2014,10,21,Oct,Oct 2014,201410
10/22/2014,2014,10,22,Oct,Oct 2014,201410
10/23/2014,2014,10,23,Oct,Oct 2014,201410
10/24/2014,2014,10,24,Oct,Oct 2014,201410
10/25/2014,2014,10,25,Oct,Oct 2014,201410
10/26/2014,2014,10,26,Oct,Oct 2014,201410
10/27/2014,2014,10,27,Oct,Oct 2014,201410
10/28/2014,2014,10,28,Oct,Oct 2014,201410
10/29/2014,2014,10,29,Oct,Oct 2014,201410
10/30/2014,2014,10,30,Oct,Oct 2014,201410
10/31/2014,2014,10,31,Oct,Oct 2014,201410
11/1/2014,2014,11,1,Nov,Nov 2014,201411
11/2/2014,2014,11,2,Nov,Nov 2014,201411
11/3/2014,2014,11,3,Nov,Nov 2014,201411
11/4/2014,2014,11,4,Nov,Nov 2014,201411
11/5/2014,2014,11,5,Nov,Nov 2014,201411
11/6/2014,2014,11,6,Nov,Nov 2014,201411
11/7/2014,2014,11,7,Nov,Nov 2014,201411
11/8/2014,2014,11,8,Nov,Nov 2014,201411
11/9/2014,2014,11,9,Nov,Nov 2014,201411
11/10/2014,2014,11,10,Nov,Nov 2014,201411
11/11/2014,2014,11,11,Nov,Nov 2014,201411
11/12/2014,2014,11,12,Nov,Nov 2014,201411
11/13/2014,2014,11,13,Nov,Nov 2014,201411
11/14/2014,2014,11,14,Nov,Nov 2014,201411
11/15/2014,2014,11,15,Nov,Nov 2014,201411
11/16/2014,2014,11,16,Nov,Nov 2014,201411
11/17/2014,2014,11,17,Nov,Nov 2014,201411
11/18/2014,2014,11,18,Nov,Nov 2014,201411
11/19/2014,2014,11,19,Nov,Nov 2014,201411
11/20/2014,2014,11,20,Nov,Nov 2014,201411
11/21/2014,2014,11,21,Nov,Nov 2014,201411
11/22/2014,2014,11,22,Nov,Nov 2014,201411
11/23/2014,2014,11,23,Nov,Nov 2014,201411
11/24/2014,2014,11,24,Nov,Nov 2014,201411
11/25/2014,2014,11,25,Nov,Nov 2014,201411
11/26/2014,2014,11,26,Nov,Nov 2014,201411
11/27/2014,2014,11,27,Nov,Nov 2014,201411
11/28/2014,2014,11,28,Nov,Nov 2014,201411
11/29/2014,2014,11,29,Nov,Nov 2014,201411
11/30/2014,2014,11,30,Nov,Nov 2014,201411
12/1/2014,2014,12,1,Dec,Dec 2014,201412
12/2/2014,2014,12,2,Dec,Dec 2014,201412
12/3/2014,2014,12,3,Dec,Dec 2014,201412
12/4/2014,2014,12,4,Dec,Dec 2014,201412
12/5/2014,2014,12,5,Dec,Dec 2014,201412
12/6/2014,2014,12,6,Dec,Dec 2014,201412
12/7/2014,2014,12,7,Dec,Dec 2014,201412
12/8/2014,2014,12,8,Dec,Dec 2014,201412
12/9/2014,2014,12,9,Dec,Dec 2014,201412
12/10/2014,2014,12,10,Dec,Dec 2014,201412
12/11/2014,2014,12,11,Dec,Dec 2014,201412
12/12/2014,2014,12,12,Dec,Dec 2014,201412
12/13/2014,2014,12,13,Dec,Dec 2014,201412
12/14/2014,2014,12,14,Dec,Dec 2014,201412
12/15/2014,2014,12,15,Dec,Dec 2014,201412
12/16/2014,2014,12,16,Dec,Dec 2014,201412
12/17/2014,2014,12,17,Dec,Dec 2014,201412
12/18/2014,2014,12,18,Dec,Dec 2014,201412
12/19/2014,2014,12,19,Dec,Dec 2014,201412
12/20/2014,2014,12,20,Dec,Dec 2014,201412
12/21/2014,2014,12,21,Dec,Dec 2014,201412
12/22/2014,2014,12,22,Dec,Dec 2014,201412
12/23/2014,2014,12,23,Dec,Dec 2014,201412
12/24/2014,2014,12,24,Dec,Dec 2014,201412
12/25/2014,2014,12,25,Dec,Dec 2014,201412
12/26/2014,2014,12,26,Dec,Dec 2014,201412
12/27/2014,2014,12,27,Dec,Dec 2014,201412
12/28/2014,2014,12,28,Dec,Dec 2014,201412
12/29/2014,2014,12,29,Dec,Dec 2014,201412
12/30/2014,2014,12,30,Dec,Dec 2014,201412
12/31/2014,2014,12,31,Dec,Dec 2014,201412
1/1/2015,2015,1,1,Jan,Jan 2015,201501
1/2/2015,2015,1,2,Jan,Jan 2015,201501
1/3/2015,2015,1,3,Jan,Jan 2015,201501
1/4/2015,2015,1,4,Jan,Jan 2015,201501
1/5/2015,2015,1,5,Jan,Jan 2015,201501
1/6/2015,2015,1,6,Jan,Jan 2015,201501
1/7/2015,2015,1,7,Jan,Jan 2015,201501
1/8/2015,2015,1,8,Jan,Jan 2015,201501
1/9/2015,2015,1,9,Jan,Jan 2015,201501
1/10/2015,2015,1,10,Jan,Jan 2015,201501
1/11/2015,2015,1,11,Jan,Jan 2015,201501
1/12/2015,2015,1,12,Jan,Jan 2015,201501
1/13/2015,2015,1,13,Jan,Jan 2015,201501
1/14/2015,2015,1,14,Jan,Jan 2015,201501
1/15/2015,2015,1,15,Jan,Jan 2015,201501
1/16/2015,2015,1,16,Jan,Jan 2015,201501
1/17/2015,2015,1,17,Jan,Jan 2015,201501
1/18/2015,2015,1,18,Jan,Jan 2015,201501
1/19/2015,2015,1,19,Jan,Jan 2015,201501
1/20/2015,2015,1,20,Jan,Jan 2015,201501
1/21/2015,2015,1,21,Jan,Jan 2015,201501
1/22/2015,2015,1,22,Jan,Jan 2015,201501
1/23/2015,2015,1,23,Jan,Jan 2015,201501
1/24/2015,2015,1,24,Jan,Jan 2015,201501
1/25/2015,2015,1,25,Jan,Jan 2015,201501
1/26/2015,2015,1,26,Jan,Jan 2015,201501
1/27/2015,2015,1,27,Jan,Jan 2015,201501
1/28/2015,2015,1,28,Jan,Jan 2015,201501
1/29/2015,2015,1,29,Jan,Jan 2015,201501
1/30/2015,2015,1,30,Jan,Jan 2015,201501
1/31/2015,2015,1,31,Jan,Jan 2015,201501
2/1/2015,2015,2,1,Feb,Feb 2015,201502
2/2/2015,2015,2,2,Feb,Feb 2015,201502
2/3/2015,2015,2,3,Feb,Feb 2015,201502
2/4/2015,2015,2,4,Feb,Feb 2015,201502
2/5/2015,2015,2,5,Feb,Feb 2015,201502
2/6/2015,2015,2,6,Feb,Feb 2015,201502
2/7/2015,2015,2,7,Feb,Feb 2015,201502
2/8/2015,2015,2,8,Feb,Feb 2015,201502
2/9/2015,2015,2,9,Feb,Feb 2015,201502
2/10/2015,2015,2,10,Feb,Feb 2015,201502
2/11/2015,2015,2,11,Feb,Feb 2015,201502
2/12/2015,2015,2,12,Feb,Feb 2015,201502
2/13/2015,2015,2,13,Feb,Feb 2015,201502
2/14/2015,2015,2,14,Feb,Feb 2015,201502
2/15/2015,2015,2,15,Feb,Feb 2015,201502
2/16/2015,2015,2,16,Feb,Feb 2015,201502
2/17/2015,2015,2,17,Feb,Feb 2015,201502
2/18/2015,2015,2,18,Feb,Feb 2015,201502
2/19/2015,2015,2,19,Feb,Feb 2015,201502
2/20/2015,2015,2,20,Feb,Feb 2015,201502
2/21/2015,2015,2,21,Feb,Feb 2015,201502
2/22/2015,2015,2,22,Feb,Feb 2015,201502
2/23/2015,2015,2,23,Feb,Feb 2015,201502
2/24/2015,2015,2,24,Feb,Feb 2015,201502
2/25/2015,2015,2,25,Feb,Feb 2015,201502
2/26/2015,2015,2,26,Feb,Feb 2015,201502
2/27/2015,2015,2,27,Feb,Feb 2015,201502
2/28/2015,2015,2,28,Feb,Feb 2015,201502
3/1/2015,2015,3,1,Mar,Mar 2015,201503
3/2/2015,2015,3,2,Mar,Mar 2015,201503
3/3/2015,2015,3,3,Mar,Mar 2015,201503
3/4/2015,2015,3,4,Mar,Mar 2015,201503
